%USR,,%SYS,,,,,,,%Idle,
6.484428,0,93.51557,0,0,0,0,0,0,0,1 CFQ
5.88532,0.42842,93.58388,0.00606,0,0.00598,0,0,0,0.09034,2 CFQ
4.956212,0.376667,94.43721,0.005051,0,0.005202,0,0,0,0.219646,3 CFQ
5.106721,0,93.961,0,0,0.052514,0,0,0,0.879713,4 CFQ
,,,,,,,,,,
,,,,,,,,,,1 DEAD
,,,,,,,,,,2 DEAD
,,,,,,,,,,3 DEAD
,,,,,,,,,,4 DEAD
